Any,Codi_Districte,Nom_Districte,Codi_Barri,Nom_Barri,Seccio_Censal,Import_Euros
2017-01-01,1,Ciutat Vella,1,el Raval,1,14262.59
2017-01-01,1,Ciutat Vella,1,el Raval,2,10980.91
2017-01-01,1,Ciutat Vella,1,el Raval,3,10942.35
2017-01-01,1,Ciutat Vella,1,el Raval,4,13885.67
2017-01-01,1,Ciutat Vella,1,el Raval,5,10937.17
2017-01-01,1,Ciutat Vella,1,el Raval,6,12893.02
2017-01-01,1,Ciutat Vella,1,el Raval,7,12196.82
2017-01-01,1,Ciutat Vella,1,el Raval,8,9392.85
2017-01-01,1,Ciutat Vella,1,el Raval,9,11347.03
2017-01-01,1,Ciutat Vella,1,el Raval,10,10399.55
2017-01-01,1,Ciutat Vella,1,el Raval,11,9725.81
2017-01-01,1,Ciutat Vella,1,el Raval,12,12499.77
2017-01-01,1,Ciutat Vella,1,el Raval,13,13353.2
2017-01-01,1,Ciutat Vella,1,el Raval,14,12454.0
2017-01-01,1,Ciutat Vella,1,el Raval,15,12124.93
2017-01-01,1,Ciutat Vella,1,el Raval,16,11691.45
2017-01-01,1,Ciutat Vella,1,el Raval,17,11376.7
2017-01-01,1,Ciutat Vella,1,el Raval,18,11737.36
2017-01-01,1,Ciutat Vella,1,el Raval,19,11419.5
2017-01-01,1,Ciutat Vella,1,el Raval,20,19163.88
2017-01-01,1,Ciutat Vella,1,el Raval,21,17659.6
2017-01-01,1,Ciutat Vella,2,el Barri Gòtic,22,21438.39
2017-01-01,1,Ciutat Vella,2,el Barri Gòtic,23,18507.08
2017-01-01,1,Ciutat Vella,2,el Barri Gòtic,25,17598.56
2017-01-01,1,Ciutat Vella,2,el Barri Gòtic,26,15596.64
2017-01-01,1,Ciutat Vella,2,el Barri Gòtic,27,17104.62
2017-01-01,1,Ciutat Vella,2,el Barri Gòtic,28,15562.18
2017-01-01,1,Ciutat Vella,2,el Barri Gòtic,29,14462.72
2017-01-01,1,Ciutat Vella,2,el Barri Gòtic,30,13776.68
2017-01-01,1,Ciutat Vella,2,el Barri Gòtic,31,15052.65
2017-01-01,1,Ciutat Vella,3,la Barceloneta,32,17887.46
2017-01-01,1,Ciutat Vella,3,la Barceloneta,33,14598.43
2017-01-01,1,Ciutat Vella,3,la Barceloneta,34,14865.4
2017-01-01,1,Ciutat Vella,3,la Barceloneta,35,14182.7
2017-01-01,1,Ciutat Vella,3,la Barceloneta,36,15353.02
2017-01-01,1,Ciutat Vella,3,la Barceloneta,37,14968.66
2017-01-01,1,Ciutat Vella,3,la Barceloneta,38,13514.53
2017-01-01,1,Ciutat Vella,3,la Barceloneta,39,16011.04
2017-01-01,1,Ciutat Vella,3,la Barceloneta,40,16405.73
2017-01-01,1,Ciutat Vella,3,la Barceloneta,41,14740.35
2017-01-01,1,Ciutat Vella,3,la Barceloneta,42,16158.98
2017-01-01,1,Ciutat Vella,4,"Sant Pere, Santa Caterina i la Ribera",43,21138.41
2017-01-01,1,Ciutat Vella,4,"Sant Pere, Santa Caterina i la Ribera",44,19921.06
2017-01-01,1,Ciutat Vella,4,"Sant Pere, Santa Caterina i la Ribera",45,16922.98
2017-01-01,1,Ciutat Vella,4,"Sant Pere, Santa Caterina i la Ribera",46,15453.97
2017-01-01,1,Ciutat Vella,4,"Sant Pere, Santa Caterina i la Ribera",47,15569.86
2017-01-01,1,Ciutat Vella,4,"Sant Pere, Santa Caterina i la Ribera",48,12966.5
2017-01-01,1,Ciutat Vella,4,"Sant Pere, Santa Caterina i la Ribera",49,16300.65
2017-01-01,1,Ciutat Vella,4,"Sant Pere, Santa Caterina i la Ribera",50,16404.56
2017-01-01,1,Ciutat Vella,4,"Sant Pere, Santa Caterina i la Ribera",51,13842.59
2017-01-01,1,Ciutat Vella,4,"Sant Pere, Santa Caterina i la Ribera",52,22199.12
2017-01-01,1,Ciutat Vella,4,"Sant Pere, Santa Caterina i la Ribera",53,15455.92
2017-01-01,1,Ciutat Vella,4,"Sant Pere, Santa Caterina i la Ribera",54,17437.15
2017-01-01,1,Ciutat Vella,4,"Sant Pere, Santa Caterina i la Ribera",55,20106.81
2017-01-01,2,Eixample,5,el Fort Pienc,1,20850.52
2017-01-01,2,Eixample,5,el Fort Pienc,2,20410.61
2017-01-01,2,Eixample,5,el Fort Pienc,3,24676.22
2017-01-01,2,Eixample,5,el Fort Pienc,4,17693.89
2017-01-01,2,Eixample,5,el Fort Pienc,5,23779.65
2017-01-01,2,Eixample,5,el Fort Pienc,6,25151.33
2017-01-01,2,Eixample,5,el Fort Pienc,7,25477.98
2017-01-01,2,Eixample,5,el Fort Pienc,8,23450.39
2017-01-01,2,Eixample,5,el Fort Pienc,9,22161.65
2017-01-01,2,Eixample,5,el Fort Pienc,10,21352.25
2017-01-01,2,Eixample,5,el Fort Pienc,11,24285.83
2017-01-01,2,Eixample,5,el Fort Pienc,12,18940.55
2017-01-01,2,Eixample,5,el Fort Pienc,13,19348.56
2017-01-01,2,Eixample,5,el Fort Pienc,14,17738.95
2017-01-01,2,Eixample,5,el Fort Pienc,15,18186.17
2017-01-01,2,Eixample,5,el Fort Pienc,16,23285.95
2017-01-01,2,Eixample,5,el Fort Pienc,17,23394.58
2017-01-01,2,Eixample,5,el Fort Pienc,18,24204.62
2017-01-01,2,Eixample,5,el Fort Pienc,19,21762.0
2017-01-01,2,Eixample,5,el Fort Pienc,20,19850.37
2017-01-01,2,Eixample,6,la Sagrada Família,21,20347.98
2017-01-01,2,Eixample,6,la Sagrada Família,22,20485.62
2017-01-01,2,Eixample,6,la Sagrada Família,23,22092.53
2017-01-01,2,Eixample,6,la Sagrada Família,24,20015.59
2017-01-01,2,Eixample,6,la Sagrada Família,25,18872.81
2017-01-01,2,Eixample,6,la Sagrada Família,26,21164.32
2017-01-01,2,Eixample,6,la Sagrada Família,27,22904.34
2017-01-01,2,Eixample,6,la Sagrada Família,28,21155.3
2017-01-01,2,Eixample,6,la Sagrada Família,29,20880.99
2017-01-01,2,Eixample,6,la Sagrada Família,30,16964.98
2017-01-01,2,Eixample,6,la Sagrada Família,31,24047.08
2017-01-01,2,Eixample,6,la Sagrada Família,32,22450.8
2017-01-01,2,Eixample,6,la Sagrada Família,33,21085.15
2017-01-01,2,Eixample,6,la Sagrada Família,34,17975.51
2017-01-01,2,Eixample,6,la Sagrada Família,35,21926.63
2017-01-01,2,Eixample,6,la Sagrada Família,36,24617.21
2017-01-01,2,Eixample,6,la Sagrada Família,37,23857.01
2017-01-01,2,Eixample,6,la Sagrada Família,38,24121.08
2017-01-01,2,Eixample,6,la Sagrada Família,39,20334.87
2017-01-01,2,Eixample,6,la Sagrada Família,40,19853.56
2017-01-01,2,Eixample,6,la Sagrada Família,41,21429.78
2017-01-01,2,Eixample,6,la Sagrada Família,42,24999.97
2017-01-01,2,Eixample,6,la Sagrada Família,43,23194.14
2017-01-01,2,Eixample,6,la Sagrada Família,44,19542.85
2017-01-01,2,Eixample,6,la Sagrada Família,45,23263.97
2017-01-01,2,Eixample,6,la Sagrada Família,46,19139.91
2017-01-01,2,Eixample,6,la Sagrada Família,47,21396.35
2017-01-01,2,Eixample,6,la Sagrada Família,48,20287.16
2017-01-01,2,Eixample,6,la Sagrada Família,49,19015.51
2017-01-01,2,Eixample,6,la Sagrada Família,50,20586.05
2017-01-01,2,Eixample,6,la Sagrada Família,51,20626.21
2017-01-01,2,Eixample,6,la Sagrada Família,52,21925.5
2017-01-01,2,Eixample,6,la Sagrada Família,53,22456.63
2017-01-01,2,Eixample,6,la Sagrada Família,54,22238.08
2017-01-01,2,Eixample,7,la Dreta de l'Eixample,55,23772.85
2017-01-01,2,Eixample,7,la Dreta de l'Eixample,56,23133.03
2017-01-01,2,Eixample,7,la Dreta de l'Eixample,57,29432.35
2017-01-01,2,Eixample,7,la Dreta de l'Eixample,58,26556.57
2017-01-01,2,Eixample,7,la Dreta de l'Eixample,59,27885.44
2017-01-01,2,Eixample,7,la Dreta de l'Eixample,60,25453.12
2017-01-01,2,Eixample,7,la Dreta de l'Eixample,61,21985.83
2017-01-01,2,Eixample,7,la Dreta de l'Eixample,62,27106.43
2017-01-01,2,Eixample,7,la Dreta de l'Eixample,63,35568.67
2017-01-01,2,Eixample,7,la Dreta de l'Eixample,64,30119.05
2017-01-01,2,Eixample,7,la Dreta de l'Eixample,65,26045.11
2017-01-01,2,Eixample,7,la Dreta de l'Eixample,66,24784.41
2017-01-01,2,Eixample,7,la Dreta de l'Eixample,67,22388.63
2017-01-01,2,Eixample,7,la Dreta de l'Eixample,68,22723.43
2017-01-01,2,Eixample,7,la Dreta de l'Eixample,69,27053.39
2017-01-01,2,Eixample,7,la Dreta de l'Eixample,70,26641.26
2017-01-01,2,Eixample,7,la Dreta de l'Eixample,71,28720.91
2017-01-01,2,Eixample,7,la Dreta de l'Eixample,72,32824.11
2017-01-01,2,Eixample,7,la Dreta de l'Eixample,73,28598.85
2017-01-01,2,Eixample,7,la Dreta de l'Eixample,74,28804.96
2017-01-01,2,Eixample,7,la Dreta de l'Eixample,75,27880.49
2017-01-01,2,Eixample,7,la Dreta de l'Eixample,76,29770.65
2017-01-01,2,Eixample,7,la Dreta de l'Eixample,77,29761.91
2017-01-01,2,Eixample,7,la Dreta de l'Eixample,78,34225.84
2017-01-01,2,Eixample,7,la Dreta de l'Eixample,79,31808.73
2017-01-01,2,Eixample,7,la Dreta de l'Eixample,80,35134.13
2017-01-01,2,Eixample,7,la Dreta de l'Eixample,81,32841.33
2017-01-01,2,Eixample,7,la Dreta de l'Eixample,82,30986.74
2017-01-01,2,Eixample,7,la Dreta de l'Eixample,83,37992.22
2017-01-01,2,Eixample,8,l'Antiga Esquerra de l'Eixample,84,25795.2
2017-01-01,2,Eixample,8,l'Antiga Esquerra de l'Eixample,85,27984.87
2017-01-01,2,Eixample,8,l'Antiga Esquerra de l'Eixample,86,28476.74
2017-01-01,2,Eixample,8,l'Antiga Esquerra de l'Eixample,87,26485.33
2017-01-01,2,Eixample,8,l'Antiga Esquerra de l'Eixample,88,28525.52
2017-01-01,2,Eixample,8,l'Antiga Esquerra de l'Eixample,89,26384.82
2017-01-01,2,Eixample,8,l'Antiga Esquerra de l'Eixample,90,24373.12
2017-01-01,2,Eixample,8,l'Antiga Esquerra de l'Eixample,91,24920.11
2017-01-01,2,Eixample,8,l'Antiga Esquerra de l'Eixample,92,24684.58
2017-01-01,2,Eixample,8,l'Antiga Esquerra de l'Eixample,93,25802.65
2017-01-01,2,Eixample,8,l'Antiga Esquerra de l'Eixample,94,26798.61
2017-01-01,2,Eixample,8,l'Antiga Esquerra de l'Eixample,95,24754.84
2017-01-01,2,Eixample,8,l'Antiga Esquerra de l'Eixample,96,22913.41
2017-01-01,2,Eixample,8,l'Antiga Esquerra de l'Eixample,97,22378.6
2017-01-01,2,Eixample,8,l'Antiga Esquerra de l'Eixample,98,23119.57
2017-01-01,2,Eixample,8,l'Antiga Esquerra de l'Eixample,99,26501.72
2017-01-01,2,Eixample,8,l'Antiga Esquerra de l'Eixample,100,25547.1
2017-01-01,2,Eixample,8,l'Antiga Esquerra de l'Eixample,101,23112.17
2017-01-01,2,Eixample,8,l'Antiga Esquerra de l'Eixample,102,28531.04
2017-01-01,2,Eixample,8,l'Antiga Esquerra de l'Eixample,103,21809.6
2017-01-01,2,Eixample,8,l'Antiga Esquerra de l'Eixample,104,27052.59
2017-01-01,2,Eixample,8,l'Antiga Esquerra de l'Eixample,105,22326.59
2017-01-01,2,Eixample,8,l'Antiga Esquerra de l'Eixample,106,28751.69
2017-01-01,2,Eixample,8,l'Antiga Esquerra de l'Eixample,107,29414.3
2017-01-01,2,Eixample,8,l'Antiga Esquerra de l'Eixample,108,30984.93
2017-01-01,2,Eixample,8,l'Antiga Esquerra de l'Eixample,109,30925.74
2017-01-01,2,Eixample,9,la Nova Esquerra de l'Eixample,110,23051.85
2017-01-01,2,Eixample,9,la Nova Esquerra de l'Eixample,111,24532.31
2017-01-01,2,Eixample,9,la Nova Esquerra de l'Eixample,112,29423.71
2017-01-01,2,Eixample,9,la Nova Esquerra de l'Eixample,113,28092.57
2017-01-01,2,Eixample,9,la Nova Esquerra de l'Eixample,114,24093.91
2017-01-01,2,Eixample,9,la Nova Esquerra de l'Eixample,115,22520.96
2017-01-01,2,Eixample,9,la Nova Esquerra de l'Eixample,116,27819.96
2017-01-01,2,Eixample,9,la Nova Esquerra de l'Eixample,117,25076.83
2017-01-01,2,Eixample,9,la Nova Esquerra de l'Eixample,118,27046.44
2017-01-01,2,Eixample,9,la Nova Esquerra de l'Eixample,119,25463.77
2017-01-01,2,Eixample,9,la Nova Esquerra de l'Eixample,120,23195.04
2017-01-01,2,Eixample,9,la Nova Esquerra de l'Eixample,121,25394.75
2017-01-01,2,Eixample,9,la Nova Esquerra de l'Eixample,122,29746.44
2017-01-01,2,Eixample,9,la Nova Esquerra de l'Eixample,123,23479.52
2017-01-01,2,Eixample,9,la Nova Esquerra de l'Eixample,124,25757.94
2017-01-01,2,Eixample,9,la Nova Esquerra de l'Eixample,125,24674.39
2017-01-01,2,Eixample,9,la Nova Esquerra de l'Eixample,126,24397.52
2017-01-01,2,Eixample,9,la Nova Esquerra de l'Eixample,127,23021.95
2017-01-01,2,Eixample,9,la Nova Esquerra de l'Eixample,128,21345.04
2017-01-01,2,Eixample,9,la Nova Esquerra de l'Eixample,129,24640.72
2017-01-01,2,Eixample,9,la Nova Esquerra de l'Eixample,130,34110.42
2017-01-01,2,Eixample,9,la Nova Esquerra de l'Eixample,131,21829.22
2017-01-01,2,Eixample,9,la Nova Esquerra de l'Eixample,132,22116.84
2017-01-01,2,Eixample,9,la Nova Esquerra de l'Eixample,133,24286.19
2017-01-01,2,Eixample,9,la Nova Esquerra de l'Eixample,134,22224.89
2017-01-01,2,Eixample,9,la Nova Esquerra de l'Eixample,135,20343.19
2017-01-01,2,Eixample,9,la Nova Esquerra de l'Eixample,136,23883.1
2017-01-01,2,Eixample,9,la Nova Esquerra de l'Eixample,137,19311.64
2017-01-01,2,Eixample,9,la Nova Esquerra de l'Eixample,138,24440.97
2017-01-01,2,Eixample,9,la Nova Esquerra de l'Eixample,139,21079.73
2017-01-01,2,Eixample,9,la Nova Esquerra de l'Eixample,140,23231.32
2017-01-01,2,Eixample,9,la Nova Esquerra de l'Eixample,141,21837.53
2017-01-01,2,Eixample,9,la Nova Esquerra de l'Eixample,142,19637.21
2017-01-01,2,Eixample,9,la Nova Esquerra de l'Eixample,143,24499.57
2017-01-01,2,Eixample,9,la Nova Esquerra de l'Eixample,144,24163.95
2017-01-01,2,Eixample,9,la Nova Esquerra de l'Eixample,145,22144.86
2017-01-01,2,Eixample,9,la Nova Esquerra de l'Eixample,146,23079.66
2017-01-01,2,Eixample,9,la Nova Esquerra de l'Eixample,147,20903.07
2017-01-01,2,Eixample,9,la Nova Esquerra de l'Eixample,148,23169.61
2017-01-01,2,Eixample,9,la Nova Esquerra de l'Eixample,149,22545.76
2017-01-01,2,Eixample,10,Sant Antoni,150,20505.99
2017-01-01,2,Eixample,10,Sant Antoni,151,22188.07
2017-01-01,2,Eixample,10,Sant Antoni,152,24026.69
2017-01-01,2,Eixample,10,Sant Antoni,153,24958.41
2017-01-01,2,Eixample,10,Sant Antoni,154,18140.46
2017-01-01,2,Eixample,10,Sant Antoni,155,19431.58
2017-01-01,2,Eixample,10,Sant Antoni,156,21112.86
2017-01-01,2,Eixample,10,Sant Antoni,157,19576.73
2017-01-01,2,Eixample,10,Sant Antoni,158,21928.84
2017-01-01,2,Eixample,10,Sant Antoni,159,22147.17
2017-01-01,2,Eixample,10,Sant Antoni,160,24519.45
2017-01-01,2,Eixample,10,Sant Antoni,161,22004.86
2017-01-01,2,Eixample,10,Sant Antoni,162,19614.46
2017-01-01,2,Eixample,10,Sant Antoni,163,22845.98
2017-01-01,2,Eixample,10,Sant Antoni,164,24207.87
2017-01-01,2,Eixample,10,Sant Antoni,165,21935.91
2017-01-01,2,Eixample,10,Sant Antoni,166,20820.39
2017-01-01,2,Eixample,10,Sant Antoni,167,21811.58
2017-01-01,2,Eixample,10,Sant Antoni,168,21594.35
2017-01-01,2,Eixample,10,Sant Antoni,169,20256.75
2017-01-01,2,Eixample,10,Sant Antoni,170,20802.25
2017-01-01,2,Eixample,10,Sant Antoni,171,18532.9
2017-01-01,2,Eixample,10,Sant Antoni,172,19583.36
2017-01-01,2,Eixample,10,Sant Antoni,173,21077.87
2017-01-01,3,Sants-Montjuïc,11,el Poble Sec - AEI Parc Montjuïc,1,17561.26
2017-01-01,3,Sants-Montjuïc,11,el Poble Sec - AEI Parc Montjuïc,2,15646.85
2017-01-01,3,Sants-Montjuïc,11,el Poble Sec - AEI Parc Montjuïc,3,13971.02
2017-01-01,3,Sants-Montjuïc,11,el Poble Sec - AEI Parc Montjuïc,4,17793.24
2017-01-01,3,Sants-Montjuïc,11,el Poble Sec - AEI Parc Montjuïc,5,16304.76
2017-01-01,3,Sants-Montjuïc,11,el Poble Sec - AEI Parc Montjuïc,6,15520.01
2017-01-01,3,Sants-Montjuïc,11,el Poble Sec - AEI Parc Montjuïc,7,15953.21
2017-01-01,3,Sants-Montjuïc,11,el Poble Sec - AEI Parc Montjuïc,8,16151.15
2017-01-01,3,Sants-Montjuïc,11,el Poble Sec - AEI Parc Montjuïc,9,17310.92
2017-01-01,3,Sants-Montjuïc,11,el Poble Sec - AEI Parc Montjuïc,10,15150.59
2017-01-01,3,Sants-Montjuïc,11,el Poble Sec - AEI Parc Montjuïc,11,12968.53
2017-01-01,3,Sants-Montjuïc,11,el Poble Sec - AEI Parc Montjuïc,12,15485.48
2017-01-01,3,Sants-Montjuïc,11,el Poble Sec - AEI Parc Montjuïc,13,14938.37
2017-01-01,3,Sants-Montjuïc,11,el Poble Sec - AEI Parc Montjuïc,14,13724.08
2017-01-01,3,Sants-Montjuïc,11,el Poble Sec - AEI Parc Montjuïc,15,14917.71
2017-01-01,3,Sants-Montjuïc,11,el Poble Sec - AEI Parc Montjuïc,16,14106.69
2017-01-01,3,Sants-Montjuïc,11,el Poble Sec - AEI Parc Montjuïc,17,13878.57
2017-01-01,3,Sants-Montjuïc,11,el Poble Sec - AEI Parc Montjuïc,18,15312.89
2017-01-01,3,Sants-Montjuïc,11,el Poble Sec - AEI Parc Montjuïc,19,14799.16
2017-01-01,3,Sants-Montjuïc,11,el Poble Sec - AEI Parc Montjuïc,20,18768.15
2017-01-01,3,Sants-Montjuïc,11,el Poble Sec - AEI Parc Montjuïc,21,18347.61
2017-01-01,3,Sants-Montjuïc,11,el Poble Sec - AEI Parc Montjuïc,22,17068.54
2017-01-01,3,Sants-Montjuïc,11,el Poble Sec - AEI Parc Montjuïc,23,15087.56
2017-01-01,3,Sants-Montjuïc,11,el Poble Sec - AEI Parc Montjuïc,24,16290.88
2017-01-01,3,Sants-Montjuïc,12,la Marina del Prat Vermell - AEI Zona Franca,25,13040.36
2017-01-01,3,Sants-Montjuïc,13,la Marina de Port,26,17301.18
2017-01-01,3,Sants-Montjuïc,13,la Marina de Port,27,17348.27
2017-01-01,3,Sants-Montjuïc,13,la Marina de Port,28,20244.61
2017-01-01,3,Sants-Montjuïc,13,la Marina de Port,29,14657.44
2017-01-01,3,Sants-Montjuïc,13,la Marina de Port,30,17271.68
2017-01-01,3,Sants-Montjuïc,13,la Marina de Port,31,16014.46
2017-01-01,3,Sants-Montjuïc,13,la Marina de Port,32,14129.74
2017-01-01,3,Sants-Montjuïc,13,la Marina de Port,33,12248.27
2017-01-01,3,Sants-Montjuïc,13,la Marina de Port,34,16733.18
2017-01-01,3,Sants-Montjuïc,13,la Marina de Port,35,16887.43
2017-01-01,3,Sants-Montjuïc,13,la Marina de Port,36,18261.51
2017-01-01,3,Sants-Montjuïc,13,la Marina de Port,37,17798.11
2017-01-01,3,Sants-Montjuïc,13,la Marina de Port,38,11728.29
2017-01-01,3,Sants-Montjuïc,13,la Marina de Port,39,12385.29
2017-01-01,3,Sants-Montjuïc,14,la Font de la Guatlla,40,21569.44
2017-01-01,3,Sants-Montjuïc,14,la Font de la Guatlla,41,18160.52
2017-01-01,3,Sants-Montjuïc,14,la Font de la Guatlla,42,18057.55
2017-01-01,3,Sants-Montjuïc,14,la Font de la Guatlla,43,18722.31
2017-01-01,3,Sants-Montjuïc,14,la Font de la Guatlla,44,17205.19
2017-01-01,3,Sants-Montjuïc,14,la Font de la Guatlla,45,19479.09
2017-01-01,3,Sants-Montjuïc,14,la Font de la Guatlla,46,23922.07
2017-01-01,3,Sants-Montjuïc,15,Hostafrancs,47,17770.36
2017-01-01,3,Sants-Montjuïc,15,Hostafrancs,48,22666.03
2017-01-01,3,Sants-Montjuïc,15,Hostafrancs,49,19702.86
2017-01-01,3,Sants-Montjuïc,15,Hostafrancs,50,20027.26
2017-01-01,3,Sants-Montjuïc,15,Hostafrancs,51,16374.41
2017-01-01,3,Sants-Montjuïc,15,Hostafrancs,52,16625.73
2017-01-01,3,Sants-Montjuïc,15,Hostafrancs,53,17458.76
2017-01-01,3,Sants-Montjuïc,15,Hostafrancs,54,19042.09
2017-01-01,3,Sants-Montjuïc,15,Hostafrancs,55,18942.84
2017-01-01,3,Sants-Montjuïc,15,Hostafrancs,56,18938.18
2017-01-01,3,Sants-Montjuïc,16,la Bordeta,57,17464.51
2017-01-01,3,Sants-Montjuïc,16,la Bordeta,58,21445.04
2017-01-01,3,Sants-Montjuïc,16,la Bordeta,59,16400.68
2017-01-01,3,Sants-Montjuïc,16,la Bordeta,60,20961.45
2017-01-01,3,Sants-Montjuïc,16,la Bordeta,61,17781.18
2017-01-01,3,Sants-Montjuïc,16,la Bordeta,62,18257.92
2017-01-01,3,Sants-Montjuïc,16,la Bordeta,63,18025.54
2017-01-01,3,Sants-Montjuïc,16,la Bordeta,64,18796.66
2017-01-01,3,Sants-Montjuïc,16,la Bordeta,65,20388.64
2017-01-01,3,Sants-Montjuïc,16,la Bordeta,66,18369.33
2017-01-01,3,Sants-Montjuïc,16,la Bordeta,67,18861.75
2017-01-01,3,Sants-Montjuïc,16,la Bordeta,68,17069.34
2017-01-01,3,Sants-Montjuïc,16,la Bordeta,69,20309.67
2017-01-01,3,Sants-Montjuïc,17,Sants - Badal,70,16089.91
2017-01-01,3,Sants-Montjuïc,17,Sants - Badal,71,15777.88
2017-01-01,3,Sants-Montjuïc,17,Sants - Badal,72,16426.16
2017-01-01,3,Sants-Montjuïc,17,Sants - Badal,73,19378.53
2017-01-01,3,Sants-Montjuïc,17,Sants - Badal,74,18022.62
2017-01-01,3,Sants-Montjuïc,17,Sants - Badal,75,17373.31
2017-01-01,3,Sants-Montjuïc,17,Sants - Badal,76,17052.64
2017-01-01,3,Sants-Montjuïc,17,Sants - Badal,77,17864.67
2017-01-01,3,Sants-Montjuïc,17,Sants - Badal,78,17823.63
2017-01-01,3,Sants-Montjuïc,17,Sants - Badal,79,16230.16
2017-01-01,3,Sants-Montjuïc,17,Sants - Badal,80,17681.9
2017-01-01,3,Sants-Montjuïc,17,Sants - Badal,81,19650.2
2017-01-01,3,Sants-Montjuïc,17,Sants - Badal,82,21491.45
2017-01-01,3,Sants-Montjuïc,17,Sants - Badal,83,19652.24
2017-01-01,3,Sants-Montjuïc,17,Sants - Badal,84,19676.28
2017-01-01,3,Sants-Montjuïc,17,Sants - Badal,85,19772.61
2017-01-01,3,Sants-Montjuïc,18,Sants,86,24611.44
2017-01-01,3,Sants-Montjuïc,18,Sants,87,22595.09
2017-01-01,3,Sants-Montjuïc,18,Sants,88,19759.68
2017-01-01,3,Sants-Montjuïc,18,Sants,89,21788.23
2017-01-01,3,Sants-Montjuïc,18,Sants,90,23249.83
2017-01-01,3,Sants-Montjuïc,18,Sants,91,21707.33
2017-01-01,3,Sants-Montjuïc,18,Sants,92,20372.59
2017-01-01,3,Sants-Montjuïc,18,Sants,93,21012.86
2017-01-01,3,Sants-Montjuïc,18,Sants,94,22021.0
2017-01-01,3,Sants-Montjuïc,18,Sants,95,19334.8
2017-01-01,3,Sants-Montjuïc,18,Sants,96,17905.41
2017-01-01,3,Sants-Montjuïc,18,Sants,97,14102.95
2017-01-01,3,Sants-Montjuïc,18,Sants,98,17378.44
2017-01-01,3,Sants-Montjuïc,18,Sants,99,18756.88
2017-01-01,3,Sants-Montjuïc,18,Sants,100,19068.71
2017-01-01,3,Sants-Montjuïc,18,Sants,101,18182.09
2017-01-01,3,Sants-Montjuïc,18,Sants,102,19028.63
2017-01-01,3,Sants-Montjuïc,18,Sants,103,19376.72
2017-01-01,3,Sants-Montjuïc,18,Sants,104,17875.65
2017-01-01,3,Sants-Montjuïc,18,Sants,105,17730.79
2017-01-01,3,Sants-Montjuïc,18,Sants,106,18592.45
2017-01-01,3,Sants-Montjuïc,18,Sants,107,20615.12
2017-01-01,3,Sants-Montjuïc,18,Sants,108,19071.79
2017-01-01,3,Sants-Montjuïc,18,Sants,109,19824.68
2017-01-01,3,Sants-Montjuïc,18,Sants,110,20845.05
2017-01-01,3,Sants-Montjuïc,18,Sants,111,19860.57
2017-01-01,3,Sants-Montjuïc,18,Sants,112,24755.87
2017-01-01,3,Sants-Montjuïc,18,Sants,113,26921.13
2017-01-01,3,Sants-Montjuïc,18,Sants,114,25586.08
2017-01-01,3,Sants-Montjuïc,13,la Marina de Port,211,17419.03
2017-01-01,3,Sants-Montjuïc,13,la Marina de Port,212,15677.99
2017-01-01,3,Sants-Montjuïc,13,la Marina de Port,213,13163.89
2017-01-01,4,Les Corts,19,les Corts,1,23167.47
2017-01-01,4,Les Corts,19,les Corts,2,27064.65
2017-01-01,4,Les Corts,19,les Corts,3,25243.87
2017-01-01,4,Les Corts,19,les Corts,4,24217.36
2017-01-01,4,Les Corts,19,les Corts,5,22463.37
2017-01-01,4,Les Corts,19,les Corts,6,24221.51
2017-01-01,4,Les Corts,19,les Corts,7,20187.76
2017-01-01,4,Les Corts,19,les Corts,8,22298.97
2017-01-01,4,Les Corts,19,les Corts,9,24458.7
2017-01-01,4,Les Corts,19,les Corts,10,26697.45
2017-01-01,4,Les Corts,19,les Corts,11,26063.36
2017-01-01,4,Les Corts,19,les Corts,12,25172.05
2017-01-01,4,Les Corts,19,les Corts,13,28084.73
2017-01-01,4,Les Corts,19,les Corts,14,27262.75
2017-01-01,4,Les Corts,19,les Corts,15,26991.59
2017-01-01,4,Les Corts,19,les Corts,16,26780.2
2017-01-01,4,Les Corts,19,les Corts,17,26653.15
2017-01-01,4,Les Corts,19,les Corts,18,28169.15
2017-01-01,4,Les Corts,19,les Corts,19,35426.77
2017-01-01,4,Les Corts,19,les Corts,20,29191.06
2017-01-01,4,Les Corts,19,les Corts,21,33011.93
2017-01-01,4,Les Corts,19,les Corts,22,27718.94
2017-01-01,4,Les Corts,19,les Corts,23,41640.99
2017-01-01,4,Les Corts,19,les Corts,24,40655.03
2017-01-01,4,Les Corts,19,les Corts,25,25625.65
2017-01-01,4,Les Corts,19,les Corts,26,26748.41
2017-01-01,4,Les Corts,19,les Corts,27,24620.48
2017-01-01,4,Les Corts,19,les Corts,28,24641.06
2017-01-01,4,Les Corts,19,les Corts,29,32511.01
2017-01-01,4,Les Corts,19,les Corts,30,28417.64
2017-01-01,4,Les Corts,19,les Corts,31,22794.38
2017-01-01,4,Les Corts,19,les Corts,32,23961.02
2017-01-01,4,Les Corts,19,les Corts,33,23380.08
2017-01-01,4,Les Corts,19,les Corts,34,29514.25
2017-01-01,4,Les Corts,19,les Corts,35,27133.99
2017-01-01,4,Les Corts,20,la Maternitat i Sant Ramon,36,20835.35
2017-01-01,4,Les Corts,20,la Maternitat i Sant Ramon,37,22825.38
2017-01-01,4,Les Corts,20,la Maternitat i Sant Ramon,38,23818.35
2017-01-01,4,Les Corts,20,la Maternitat i Sant Ramon,39,22932.06
2017-01-01,4,Les Corts,20,la Maternitat i Sant Ramon,40,18706.5
2017-01-01,4,Les Corts,20,la Maternitat i Sant Ramon,41,19696.39
2017-01-01,4,Les Corts,20,la Maternitat i Sant Ramon,42,19724.72
2017-01-01,4,Les Corts,20,la Maternitat i Sant Ramon,43,27148.12
2017-01-01,4,Les Corts,20,la Maternitat i Sant Ramon,44,21192.04
2017-01-01,4,Les Corts,20,la Maternitat i Sant Ramon,45,21515.28
2017-01-01,4,Les Corts,20,la Maternitat i Sant Ramon,46,31192.01
2017-01-01,4,Les Corts,20,la Maternitat i Sant Ramon,47,25072.04
2017-01-01,4,Les Corts,20,la Maternitat i Sant Ramon,48,27560.21
2017-01-01,4,Les Corts,20,la Maternitat i Sant Ramon,49,35092.49
2017-01-01,4,Les Corts,21,Pedralbes,50,41771.1
2017-01-01,4,Les Corts,21,Pedralbes,51,27619.3
2017-01-01,4,Les Corts,21,Pedralbes,52,41584.98
2017-01-01,4,Les Corts,21,Pedralbes,53,29404.13
2017-01-01,4,Les Corts,21,Pedralbes,54,38449.83
2017-01-01,4,Les Corts,21,Pedralbes,55,41273.69
2017-01-01,4,Les Corts,21,Pedralbes,56,41368.36
2017-01-01,4,Les Corts,20,la Maternitat i Sant Ramon,84,29792.04
2017-01-01,5,Sarrià-St. Gervasi,22,"Vallvidrera, el Tibidabo i les Planes",1,18001.48
2017-01-01,5,Sarrià-St. Gervasi,22,"Vallvidrera, el Tibidabo i les Planes",2,30499.15
2017-01-01,5,Sarrià-St. Gervasi,22,"Vallvidrera, el Tibidabo i les Planes",3,29641.72
2017-01-01,5,Sarrià-St. Gervasi,23,Sarrià,4,42577.87
2017-01-01,5,Sarrià-St. Gervasi,23,Sarrià,5,35011.78
2017-01-01,5,Sarrià-St. Gervasi,23,Sarrià,6,41634.99
2017-01-01,5,Sarrià-St. Gervasi,23,Sarrià,7,35205.29
2017-01-01,5,Sarrià-St. Gervasi,23,Sarrià,8,35933.7
2017-01-01,5,Sarrià-St. Gervasi,23,Sarrià,9,31472.68
2017-01-01,5,Sarrià-St. Gervasi,23,Sarrià,10,28676.31
2017-01-01,5,Sarrià-St. Gervasi,23,Sarrià,11,31034.64
2017-01-01,5,Sarrià-St. Gervasi,23,Sarrià,12,27603.6
2017-01-01,5,Sarrià-St. Gervasi,23,Sarrià,13,31366.67
2017-01-01,5,Sarrià-St. Gervasi,23,Sarrià,14,33083.74
2017-01-01,5,Sarrià-St. Gervasi,23,Sarrià,15,29592.69
2017-01-01,5,Sarrià-St. Gervasi,23,Sarrià,16,25805.58
2017-01-01,5,Sarrià-St. Gervasi,23,Sarrià,17,41842.1
2017-01-01,5,Sarrià-St. Gervasi,23,Sarrià,18,29159.29
2017-01-01,5,Sarrià-St. Gervasi,23,Sarrià,19,37412.05
2017-01-01,5,Sarrià-St. Gervasi,24,les Tres Torres,20,34978.14
2017-01-01,5,Sarrià-St. Gervasi,24,les Tres Torres,21,41628.12
2017-01-01,5,Sarrià-St. Gervasi,24,les Tres Torres,22,41995.21
2017-01-01,5,Sarrià-St. Gervasi,24,les Tres Torres,23,26711.47
2017-01-01,5,Sarrià-St. Gervasi,24,les Tres Torres,24,41257.46
2017-01-01,5,Sarrià-St. Gervasi,24,les Tres Torres,25,41557.32
2017-01-01,5,Sarrià-St. Gervasi,24,les Tres Torres,26,41646.97
2017-01-01,5,Sarrià-St. Gervasi,24,les Tres Torres,27,41999.54
2017-01-01,5,Sarrià-St. Gervasi,24,les Tres Torres,28,41966.16
2017-01-01,5,Sarrià-St. Gervasi,24,les Tres Torres,29,41861.04
2017-01-01,5,Sarrià-St. Gervasi,24,les Tres Torres,30,41456.46
2017-01-01,5,Sarrià-St. Gervasi,25,Sant Gervasi - la Bonanova,31,41045.32
2017-01-01,5,Sarrià-St. Gervasi,25,Sant Gervasi - la Bonanova,32,41703.77
2017-01-01,5,Sarrià-St. Gervasi,25,Sant Gervasi - la Bonanova,33,34624.34
2017-01-01,5,Sarrià-St. Gervasi,25,Sant Gervasi - la Bonanova,34,30950.86
2017-01-01,5,Sarrià-St. Gervasi,25,Sant Gervasi - la Bonanova,35,41156.16
2017-01-01,5,Sarrià-St. Gervasi,25,Sant Gervasi - la Bonanova,36,41808.96
2017-01-01,5,Sarrià-St. Gervasi,25,Sant Gervasi - la Bonanova,37,28211.99
2017-01-01,5,Sarrià-St. Gervasi,25,Sant Gervasi - la Bonanova,38,28328.36
2017-01-01,5,Sarrià-St. Gervasi,25,Sant Gervasi - la Bonanova,39,36182.09
2017-01-01,5,Sarrià-St. Gervasi,25,Sant Gervasi - la Bonanova,40,27430.82
2017-01-01,5,Sarrià-St. Gervasi,25,Sant Gervasi - la Bonanova,41,28912.19
2017-01-01,5,Sarrià-St. Gervasi,25,Sant Gervasi - la Bonanova,42,29905.66
2017-01-01,5,Sarrià-St. Gervasi,25,Sant Gervasi - la Bonanova,43,29582.97
2017-01-01,5,Sarrià-St. Gervasi,25,Sant Gervasi - la Bonanova,44,27581.28
2017-01-01,5,Sarrià-St. Gervasi,25,Sant Gervasi - la Bonanova,45,33982.05
2017-01-01,5,Sarrià-St. Gervasi,25,Sant Gervasi - la Bonanova,46,41270.23
2017-01-01,5,Sarrià-St. Gervasi,25,Sant Gervasi - la Bonanova,47,37725.17
2017-01-01,5,Sarrià-St. Gervasi,25,Sant Gervasi - la Bonanova,48,36533.27
2017-01-01,5,Sarrià-St. Gervasi,26,Sant Gervasi - Galvany,49,42036.69
2017-01-01,5,Sarrià-St. Gervasi,26,Sant Gervasi - Galvany,50,32167.72
2017-01-01,5,Sarrià-St. Gervasi,26,Sant Gervasi - Galvany,51,40702.62
2017-01-01,5,Sarrià-St. Gervasi,26,Sant Gervasi - Galvany,52,41575.87
2017-01-01,5,Sarrià-St. Gervasi,26,Sant Gervasi - Galvany,53,41379.57
2017-01-01,5,Sarrià-St. Gervasi,26,Sant Gervasi - Galvany,54,41609.48
2017-01-01,5,Sarrià-St. Gervasi,26,Sant Gervasi - Galvany,55,41185.97
2017-01-01,5,Sarrià-St. Gervasi,26,Sant Gervasi - Galvany,56,39673.25
2017-01-01,5,Sarrià-St. Gervasi,26,Sant Gervasi - Galvany,57,41238.45
2017-01-01,5,Sarrià-St. Gervasi,26,Sant Gervasi - Galvany,58,42116.93
2017-01-01,5,Sarrià-St. Gervasi,26,Sant Gervasi - Galvany,59,40085.82
2017-01-01,5,Sarrià-St. Gervasi,26,Sant Gervasi - Galvany,60,41699.81
2017-01-01,5,Sarrià-St. Gervasi,26,Sant Gervasi - Galvany,61,29247.76
2017-01-01,5,Sarrià-St. Gervasi,26,Sant Gervasi - Galvany,62,35244.43
2017-01-01,5,Sarrià-St. Gervasi,26,Sant Gervasi - Galvany,63,36227.24
2017-01-01,5,Sarrià-St. Gervasi,26,Sant Gervasi - Galvany,64,31476.03
2017-01-01,5,Sarrià-St. Gervasi,26,Sant Gervasi - Galvany,65,31343.45
2017-01-01,5,Sarrià-St. Gervasi,26,Sant Gervasi - Galvany,66,38120.0
2017-01-01,5,Sarrià-St. Gervasi,26,Sant Gervasi - Galvany,67,34585.46
2017-01-01,5,Sarrià-St. Gervasi,26,Sant Gervasi - Galvany,68,32356.83
2017-01-01,5,Sarrià-St. Gervasi,26,Sant Gervasi - Galvany,69,30101.75
2017-01-01,5,Sarrià-St. Gervasi,26,Sant Gervasi - Galvany,70,29450.79
2017-01-01,5,Sarrià-St. Gervasi,26,Sant Gervasi - Galvany,71,27041.83
2017-01-01,5,Sarrià-St. Gervasi,26,Sant Gervasi - Galvany,72,31660.47
2017-01-01,5,Sarrià-St. Gervasi,26,Sant Gervasi - Galvany,73,30200.07
2017-01-01,5,Sarrià-St. Gervasi,26,Sant Gervasi - Galvany,74,35045.54
2017-01-01,5,Sarrià-St. Gervasi,26,Sant Gervasi - Galvany,75,32816.14
2017-01-01,5,Sarrià-St. Gervasi,26,Sant Gervasi - Galvany,76,30851.56
2017-01-01,5,Sarrià-St. Gervasi,26,Sant Gervasi - Galvany,77,32404.29
2017-01-01,5,Sarrià-St. Gervasi,26,Sant Gervasi - Galvany,78,30585.5
2017-01-01,5,Sarrià-St. Gervasi,26,Sant Gervasi - Galvany,79,27991.97
2017-01-01,5,Sarrià-St. Gervasi,27,el Putxet i el Farró,80,28309.34
2017-01-01,5,Sarrià-St. Gervasi,27,el Putxet i el Farró,81,27172.23
2017-01-01,5,Sarrià-St. Gervasi,27,el Putxet i el Farró,82,25186.25
2017-01-01,5,Sarrià-St. Gervasi,27,el Putxet i el Farró,83,26653.7
2017-01-01,5,Sarrià-St. Gervasi,27,el Putxet i el Farró,84,26418.87
2017-01-01,5,Sarrià-St. Gervasi,27,el Putxet i el Farró,85,23376.44
2017-01-01,5,Sarrià-St. Gervasi,27,el Putxet i el Farró,86,27026.46
2017-01-01,5,Sarrià-St. Gervasi,27,el Putxet i el Farró,87,28109.21
2017-01-01,5,Sarrià-St. Gervasi,27,el Putxet i el Farró,88,27221.02
2017-01-01,5,Sarrià-St. Gervasi,27,el Putxet i el Farró,89,29565.84
2017-01-01,5,Sarrià-St. Gervasi,27,el Putxet i el Farró,90,27412.53
2017-01-01,5,Sarrià-St. Gervasi,27,el Putxet i el Farró,91,26890.36
2017-01-01,5,Sarrià-St. Gervasi,27,el Putxet i el Farró,92,36822.56
2017-01-01,5,Sarrià-St. Gervasi,27,el Putxet i el Farró,93,30414.64
2017-01-01,5,Sarrià-St. Gervasi,27,el Putxet i el Farró,94,34502.4
2017-01-01,5,Sarrià-St. Gervasi,27,el Putxet i el Farró,95,25319.29
2017-01-01,5,Sarrià-St. Gervasi,27,el Putxet i el Farró,96,24804.57
2017-01-01,5,Sarrià-St. Gervasi,27,el Putxet i el Farró,97,28681.41
2017-01-01,5,Sarrià-St. Gervasi,27,el Putxet i el Farró,98,26415.61
2017-01-01,6,Gràcia,28,Vallcarca i els Penitents,1,22916.67
2017-01-01,6,Gràcia,28,Vallcarca i els Penitents,2,22029.45
2017-01-01,6,Gràcia,28,Vallcarca i els Penitents,3,21304.95
2017-01-01,6,Gràcia,28,Vallcarca i els Penitents,4,22419.65
2017-01-01,6,Gràcia,28,Vallcarca i els Penitents,6,28360.23
2017-01-01,6,Gràcia,28,Vallcarca i els Penitents,7,24661.47
2017-01-01,6,Gràcia,28,Vallcarca i els Penitents,8,22491.94
2017-01-01,6,Gràcia,28,Vallcarca i els Penitents,9,31427.02
2017-01-01,6,Gràcia,28,Vallcarca i els Penitents,10,24143.7
2017-01-01,6,Gràcia,28,Vallcarca i els Penitents,11,24391.34
2017-01-01,6,Gràcia,28,Vallcarca i els Penitents,12,28758.44
2017-01-01,6,Gràcia,29,el Coll,13,21651.38
2017-01-01,6,Gràcia,29,el Coll,14,20666.57
2017-01-01,6,Gràcia,29,el Coll,15,17578.84
2017-01-01,6,Gràcia,29,el Coll,16,17554.89
2017-01-01,6,Gràcia,29,el Coll,17,18065.21
2017-01-01,6,Gràcia,30,la Salut,18,21146.4
2017-01-01,6,Gràcia,30,la Salut,19,21663.37
2017-01-01,6,Gràcia,30,la Salut,20,22016.5
2017-01-01,6,Gràcia,30,la Salut,21,24712.33
2017-01-01,6,Gràcia,30,la Salut,22,22765.95
2017-01-01,6,Gràcia,30,la Salut,23,29906.3
2017-01-01,6,Gràcia,30,la Salut,24,22182.68
2017-01-01,6,Gràcia,30,la Salut,25,24725.99
2017-01-01,6,Gràcia,30,la Salut,26,23624.36
2017-01-01,6,Gràcia,30,la Salut,27,24470.0
2017-01-01,6,Gràcia,31,la Vila de Gràcia,28,20897.15
2017-01-01,6,Gràcia,31,la Vila de Gràcia,29,23035.62
2017-01-01,6,Gràcia,31,la Vila de Gràcia,30,20413.4
2017-01-01,6,Gràcia,31,la Vila de Gràcia,31,22598.21
2017-01-01,6,Gràcia,31,la Vila de Gràcia,32,22276.86
2017-01-01,6,Gràcia,31,la Vila de Gràcia,33,22044.8
2017-01-01,6,Gràcia,31,la Vila de Gràcia,34,22069.75
2017-01-01,6,Gràcia,31,la Vila de Gràcia,35,27789.13
2017-01-01,6,Gràcia,31,la Vila de Gràcia,36,25806.05
2017-01-01,6,Gràcia,31,la Vila de Gràcia,37,22221.46
2017-01-01,6,Gràcia,31,la Vila de Gràcia,38,23196.52
2017-01-01,6,Gràcia,31,la Vila de Gràcia,39,20989.3
2017-01-01,6,Gràcia,31,la Vila de Gràcia,40,23794.54
2017-01-01,6,Gràcia,31,la Vila de Gràcia,41,24303.38
2017-01-01,6,Gràcia,31,la Vila de Gràcia,42,27083.07
2017-01-01,6,Gràcia,31,la Vila de Gràcia,43,22032.7
2017-01-01,6,Gràcia,31,la Vila de Gràcia,44,29308.1
2017-01-01,6,Gràcia,31,la Vila de Gràcia,45,23806.97
2017-01-01,6,Gràcia,31,la Vila de Gràcia,46,20403.84
2017-01-01,6,Gràcia,31,la Vila de Gràcia,47,19332.06
2017-01-01,6,Gràcia,31,la Vila de Gràcia,48,19926.33
2017-01-01,6,Gràcia,31,la Vila de Gràcia,49,22399.64
2017-01-01,6,Gràcia,31,la Vila de Gràcia,50,18628.93
2017-01-01,6,Gràcia,31,la Vila de Gràcia,51,20961.86
2017-01-01,6,Gràcia,31,la Vila de Gràcia,52,20226.45
2017-01-01,6,Gràcia,31,la Vila de Gràcia,53,21983.0
2017-01-01,6,Gràcia,31,la Vila de Gràcia,54,20315.48
2017-01-01,6,Gràcia,31,la Vila de Gràcia,55,21495.27
2017-01-01,6,Gràcia,31,la Vila de Gràcia,56,19693.81
2017-01-01,6,Gràcia,31,la Vila de Gràcia,57,19928.57
2017-01-01,6,Gràcia,31,la Vila de Gràcia,58,21966.37
2017-01-01,6,Gràcia,31,la Vila de Gràcia,59,22204.04
2017-01-01,6,Gràcia,31,la Vila de Gràcia,60,19840.76
2017-01-01,6,Gràcia,31,la Vila de Gràcia,61,20634.22
2017-01-01,6,Gràcia,31,la Vila de Gràcia,62,19699.16
2017-01-01,6,Gràcia,31,la Vila de Gràcia,63,20092.72
2017-01-01,6,Gràcia,32,el Camp d'en Grassot i Gràcia Nova,64,19311.23
2017-01-01,6,Gràcia,32,el Camp d'en Grassot i Gràcia Nova,65,25207.14
2017-01-01,6,Gràcia,32,el Camp d'en Grassot i Gràcia Nova,66,21862.17
2017-01-01,6,Gràcia,32,el Camp d'en Grassot i Gràcia Nova,67,23134.33
2017-01-01,6,Gràcia,32,el Camp d'en Grassot i Gràcia Nova,68,25816.73
2017-01-01,6,Gràcia,32,el Camp d'en Grassot i Gràcia Nova,69,24457.61
2017-01-01,6,Gràcia,32,el Camp d'en Grassot i Gràcia Nova,70,22643.61
2017-01-01,6,Gràcia,32,el Camp d'en Grassot i Gràcia Nova,71,22548.71
2017-01-01,6,Gràcia,32,el Camp d'en Grassot i Gràcia Nova,72,25103.48
2017-01-01,6,Gràcia,32,el Camp d'en Grassot i Gràcia Nova,73,21941.5
2017-01-01,6,Gràcia,32,el Camp d'en Grassot i Gràcia Nova,74,20516.96
2017-01-01,6,Gràcia,32,el Camp d'en Grassot i Gràcia Nova,75,25534.17
2017-01-01,6,Gràcia,32,el Camp d'en Grassot i Gràcia Nova,76,23084.44
2017-01-01,6,Gràcia,32,el Camp d'en Grassot i Gràcia Nova,77,21462.06
2017-01-01,6,Gràcia,32,el Camp d'en Grassot i Gràcia Nova,78,20517.57
2017-01-01,6,Gràcia,32,el Camp d'en Grassot i Gràcia Nova,79,22862.49
2017-01-01,6,Gràcia,32,el Camp d'en Grassot i Gràcia Nova,80,21815.63
2017-01-01,6,Gràcia,32,el Camp d'en Grassot i Gràcia Nova,81,22583.02
2017-01-01,6,Gràcia,32,el Camp d'en Grassot i Gràcia Nova,82,24013.18
2017-01-01,6,Gràcia,32,el Camp d'en Grassot i Gràcia Nova,83,24590.44
2017-01-01,6,Gràcia,32,el Camp d'en Grassot i Gràcia Nova,84,22574.62
2017-01-01,6,Gràcia,32,el Camp d'en Grassot i Gràcia Nova,85,24278.55
2017-01-01,6,Gràcia,32,el Camp d'en Grassot i Gràcia Nova,86,27958.15
2017-01-01,6,Gràcia,32,el Camp d'en Grassot i Gràcia Nova,87,27166.63
2017-01-01,6,Gràcia,32,el Camp d'en Grassot i Gràcia Nova,88,23802.87
2017-01-01,7,Horta-Guinardó,33,el Baix Guinardó,1,22532.14
2017-01-01,7,Horta-Guinardó,33,el Baix Guinardó,2,19734.31
2017-01-01,7,Horta-Guinardó,33,el Baix Guinardó,3,20975.64
2017-01-01,7,Horta-Guinardó,33,el Baix Guinardó,4,19288.72
2017-01-01,7,Horta-Guinardó,33,el Baix Guinardó,5,19669.82
2017-01-01,7,Horta-Guinardó,33,el Baix Guinardó,6,21988.72
2017-01-01,7,Horta-Guinardó,33,el Baix Guinardó,7,18532.15
2017-01-01,7,Horta-Guinardó,33,el Baix Guinardó,8,21196.43
2017-01-01,7,Horta-Guinardó,33,el Baix Guinardó,9,19501.14
2017-01-01,7,Horta-Guinardó,33,el Baix Guinardó,10,20420.4
2017-01-01,7,Horta-Guinardó,33,el Baix Guinardó,11,20743.85
2017-01-01,7,Horta-Guinardó,33,el Baix Guinardó,12,18489.92
2017-01-01,7,Horta-Guinardó,33,el Baix Guinardó,13,22440.53
2017-01-01,7,Horta-Guinardó,33,el Baix Guinardó,14,17036.11
2017-01-01,7,Horta-Guinardó,33,el Baix Guinardó,15,18976.41
2017-01-01,7,Horta-Guinardó,33,el Baix Guinardó,16,22226.07
2017-01-01,7,Horta-Guinardó,33,el Baix Guinardó,17,19701.61
2017-01-01,7,Horta-Guinardó,33,el Baix Guinardó,18,19996.6
2017-01-01,7,Horta-Guinardó,33,el Baix Guinardó,19,20992.69
2017-01-01,7,Horta-Guinardó,34,Can Baró,20,20376.73
2017-01-01,7,Horta-Guinardó,34,Can Baró,21,23562.38
2017-01-01,7,Horta-Guinardó,34,Can Baró,22,18597.65
2017-01-01,7,Horta-Guinardó,34,Can Baró,23,15843.28
2017-01-01,7,Horta-Guinardó,34,Can Baró,24,17728.24
2017-01-01,7,Horta-Guinardó,34,Can Baró,25,17861.3
2017-01-01,7,Horta-Guinardó,34,Can Baró,26,18787.14
2017-01-01,7,Horta-Guinardó,35,el Guinardó,27,18153.74
2017-01-01,7,Horta-Guinardó,35,el Guinardó,28,18700.82
2017-01-01,7,Horta-Guinardó,35,el Guinardó,29,21160.56
2017-01-01,7,Horta-Guinardó,35,el Guinardó,30,17960.42
2017-01-01,7,Horta-Guinardó,35,el Guinardó,31,18208.04
2017-01-01,7,Horta-Guinardó,35,el Guinardó,32,19474.29
2017-01-01,7,Horta-Guinardó,35,el Guinardó,33,20006.76
2017-01-01,7,Horta-Guinardó,35,el Guinardó,34,21552.87
2017-01-01,7,Horta-Guinardó,35,el Guinardó,35,22536.2
2017-01-01,7,Horta-Guinardó,35,el Guinardó,36,22316.05
2017-01-01,7,Horta-Guinardó,35,el Guinardó,37,20151.55
2017-01-01,7,Horta-Guinardó,35,el Guinardó,38,18879.52
2017-01-01,7,Horta-Guinardó,35,el Guinardó,39,20706.61
2017-01-01,7,Horta-Guinardó,35,el Guinardó,40,19759.41
2017-01-01,7,Horta-Guinardó,35,el Guinardó,41,18341.21
2017-01-01,7,Horta-Guinardó,35,el Guinardó,42,20322.26
2017-01-01,7,Horta-Guinardó,35,el Guinardó,43,17927.88
2017-01-01,7,Horta-Guinardó,35,el Guinardó,44,21163.88
2017-01-01,7,Horta-Guinardó,35,el Guinardó,45,18810.04
2017-01-01,7,Horta-Guinardó,35,el Guinardó,46,18413.35
2017-01-01,7,Horta-Guinardó,35,el Guinardó,47,19411.83
2017-01-01,7,Horta-Guinardó,35,el Guinardó,48,20413.64
2017-01-01,7,Horta-Guinardó,35,el Guinardó,49,21512.67
2017-01-01,7,Horta-Guinardó,35,el Guinardó,50,18930.23
2017-01-01,7,Horta-Guinardó,35,el Guinardó,51,19736.88
2017-01-01,7,Horta-Guinardó,36,la Font d'en Fargues,52,24659.79
2017-01-01,7,Horta-Guinardó,36,la Font d'en Fargues,53,21425.9
2017-01-01,7,Horta-Guinardó,36,la Font d'en Fargues,54,26720.41
2017-01-01,7,Horta-Guinardó,36,la Font d'en Fargues,55,27734.56
2017-01-01,7,Horta-Guinardó,36,la Font d'en Fargues,56,21474.0
2017-01-01,7,Horta-Guinardó,36,la Font d'en Fargues,57,21897.97
2017-01-01,7,Horta-Guinardó,36,la Font d'en Fargues,58,21212.38
2017-01-01,7,Horta-Guinardó,37,el Carmel,59,15281.33
2017-01-01,7,Horta-Guinardó,37,el Carmel,60,14307.21
2017-01-01,7,Horta-Guinardó,37,el Carmel,61,15514.18
2017-01-01,7,Horta-Guinardó,37,el Carmel,62,16541.43
2017-01-01,7,Horta-Guinardó,37,el Carmel,63,13761.77
2017-01-01,7,Horta-Guinardó,37,el Carmel,64,14775.06
2017-01-01,7,Horta-Guinardó,37,el Carmel,65,13129.1
2017-01-01,7,Horta-Guinardó,37,el Carmel,66,13211.67
2017-01-01,7,Horta-Guinardó,37,el Carmel,67,13506.6
2017-01-01,7,Horta-Guinardó,37,el Carmel,68,12553.8
2017-01-01,7,Horta-Guinardó,37,el Carmel,69,13664.33
2017-01-01,7,Horta-Guinardó,37,el Carmel,70,14072.13
2017-01-01,7,Horta-Guinardó,37,el Carmel,71,16433.42
2017-01-01,7,Horta-Guinardó,37,el Carmel,72,15368.69
2017-01-01,7,Horta-Guinardó,37,el Carmel,73,14387.46
2017-01-01,7,Horta-Guinardó,37,el Carmel,74,15145.73
2017-01-01,7,Horta-Guinardó,37,el Carmel,75,14321.67
2017-01-01,7,Horta-Guinardó,37,el Carmel,76,13761.04
2017-01-01,7,Horta-Guinardó,37,el Carmel,77,13839.14
2017-01-01,7,Horta-Guinardó,37,el Carmel,78,14358.47
2017-01-01,7,Horta-Guinardó,37,el Carmel,79,15268.28
2017-01-01,7,Horta-Guinardó,37,el Carmel,80,16008.28
2017-01-01,7,Horta-Guinardó,38,la Teixonera,81,16899.01
2017-01-01,7,Horta-Guinardó,38,la Teixonera,82,15484.81
2017-01-01,7,Horta-Guinardó,38,la Teixonera,83,15807.66
2017-01-01,7,Horta-Guinardó,38,la Teixonera,84,16135.95
2017-01-01,7,Horta-Guinardó,38,la Teixonera,85,17408.51
2017-01-01,7,Horta-Guinardó,38,la Teixonera,86,15671.19
2017-01-01,7,Horta-Guinardó,38,la Teixonera,87,16260.32
2017-01-01,7,Horta-Guinardó,38,la Teixonera,88,15987.01
2017-01-01,7,Horta-Guinardó,39,Sant Genís dels Agudells,89,20962.78
2017-01-01,7,Horta-Guinardó,39,Sant Genís dels Agudells,90,16828.48
2017-01-01,7,Horta-Guinardó,39,Sant Genís dels Agudells,91,17340.07
2017-01-01,7,Horta-Guinardó,39,Sant Genís dels Agudells,92,13958.09
2017-01-01,7,Horta-Guinardó,39,Sant Genís dels Agudells,93,17403.48
2017-01-01,7,Horta-Guinardó,40,Montbau,94,18244.57
2017-01-01,7,Horta-Guinardó,40,Montbau,95,18936.61
2017-01-01,7,Horta-Guinardó,40,Montbau,96,17018.0
2017-01-01,7,Horta-Guinardó,40,Montbau,97,20178.8
2017-01-01,7,Horta-Guinardó,41,la Vall d'Hebron,98,25326.81
2017-01-01,7,Horta-Guinardó,41,la Vall d'Hebron,99,21673.63
2017-01-01,7,Horta-Guinardó,41,la Vall d'Hebron,100,19050.52
2017-01-01,7,Horta-Guinardó,41,la Vall d'Hebron,101,19237.91
2017-01-01,7,Horta-Guinardó,42,la Clota,102,17898.76
2017-01-01,7,Horta-Guinardó,43,Horta,103,17872.64
2017-01-01,7,Horta-Guinardó,43,Horta,104,15772.02
2017-01-01,7,Horta-Guinardó,43,Horta,105,20274.09
2017-01-01,7,Horta-Guinardó,43,Horta,106,20678.74
2017-01-01,7,Horta-Guinardó,43,Horta,107,20583.38
2017-01-01,7,Horta-Guinardó,43,Horta,108,19660.53
2017-01-01,7,Horta-Guinardó,43,Horta,109,16709.82
2017-01-01,7,Horta-Guinardó,43,Horta,110,21667.47
2017-01-01,7,Horta-Guinardó,43,Horta,111,24454.12
2017-01-01,7,Horta-Guinardó,43,Horta,112,20192.09
2017-01-01,7,Horta-Guinardó,43,Horta,113,18548.14
2017-01-01,7,Horta-Guinardó,43,Horta,114,20965.89
2017-01-01,7,Horta-Guinardó,43,Horta,115,23250.57
2017-01-01,7,Horta-Guinardó,43,Horta,116,18395.62
2017-01-01,7,Horta-Guinardó,43,Horta,117,18662.6
2017-01-01,7,Horta-Guinardó,43,Horta,118,19631.19
2017-01-01,7,Horta-Guinardó,43,Horta,119,17615.82
2017-01-01,7,Horta-Guinardó,43,Horta,120,18009.23
2017-01-01,7,Horta-Guinardó,43,Horta,121,17175.79
2017-01-01,7,Horta-Guinardó,43,Horta,122,18752.32
2017-01-01,7,Horta-Guinardó,43,Horta,123,19600.69
2017-01-01,8,Nou Barris,44,Vilapicina i la Torre Llobeta,1,17763.76
2017-01-01,8,Nou Barris,44,Vilapicina i la Torre Llobeta,2,19856.86
2017-01-01,8,Nou Barris,44,Vilapicina i la Torre Llobeta,3,18210.04
2017-01-01,8,Nou Barris,44,Vilapicina i la Torre Llobeta,4,16099.88
2017-01-01,8,Nou Barris,44,Vilapicina i la Torre Llobeta,5,18768.1
2017-01-01,8,Nou Barris,44,Vilapicina i la Torre Llobeta,6,18860.99
2017-01-01,8,Nou Barris,44,Vilapicina i la Torre Llobeta,7,18908.67
2017-01-01,8,Nou Barris,44,Vilapicina i la Torre Llobeta,8,19709.95
2017-01-01,8,Nou Barris,44,Vilapicina i la Torre Llobeta,9,17044.48
2017-01-01,8,Nou Barris,44,Vilapicina i la Torre Llobeta,10,19465.19
2017-01-01,8,Nou Barris,44,Vilapicina i la Torre Llobeta,11,20961.65
2017-01-01,8,Nou Barris,44,Vilapicina i la Torre Llobeta,12,18489.0
2017-01-01,8,Nou Barris,44,Vilapicina i la Torre Llobeta,13,18446.31
2017-01-01,8,Nou Barris,44,Vilapicina i la Torre Llobeta,14,16377.16
2017-01-01,8,Nou Barris,44,Vilapicina i la Torre Llobeta,15,16110.36
2017-01-01,8,Nou Barris,44,Vilapicina i la Torre Llobeta,16,17259.28
2017-01-01,8,Nou Barris,44,Vilapicina i la Torre Llobeta,17,19805.43
2017-01-01,8,Nou Barris,44,Vilapicina i la Torre Llobeta,18,17832.48
2017-01-01,8,Nou Barris,44,Vilapicina i la Torre Llobeta,19,16592.1
2017-01-01,8,Nou Barris,45,Porta,20,17844.5
2017-01-01,8,Nou Barris,45,Porta,21,17342.05
2017-01-01,8,Nou Barris,45,Porta,22,18015.22
2017-01-01,8,Nou Barris,45,Porta,23,16191.84
2017-01-01,8,Nou Barris,45,Porta,24,17578.52
2017-01-01,8,Nou Barris,45,Porta,25,15946.27
2017-01-01,8,Nou Barris,45,Porta,26,17652.38
2017-01-01,8,Nou Barris,45,Porta,27,19328.04
2017-01-01,8,Nou Barris,45,Porta,28,16213.91
2017-01-01,8,Nou Barris,45,Porta,29,15095.43
2017-01-01,8,Nou Barris,45,Porta,30,15562.39
2017-01-01,8,Nou Barris,45,Porta,31,16762.7
2017-01-01,8,Nou Barris,45,Porta,32,17363.05
2017-01-01,8,Nou Barris,45,Porta,33,15425.09
2017-01-01,8,Nou Barris,45,Porta,34,13585.51
2017-01-01,8,Nou Barris,45,Porta,35,15849.42
2017-01-01,8,Nou Barris,45,Porta,36,13860.05
2017-01-01,8,Nou Barris,45,Porta,37,15667.66
2017-01-01,8,Nou Barris,46,el Turó de la Peira,38,14962.84
2017-01-01,8,Nou Barris,46,el Turó de la Peira,39,15232.52
2017-01-01,8,Nou Barris,46,el Turó de la Peira,40,11702.85
2017-01-01,8,Nou Barris,46,el Turó de la Peira,41,11217.74
2017-01-01,8,Nou Barris,46,el Turó de la Peira,42,17896.94
2017-01-01,8,Nou Barris,46,el Turó de la Peira,43,14426.9
2017-01-01,8,Nou Barris,46,el Turó de la Peira,44,13194.75
2017-01-01,8,Nou Barris,46,el Turó de la Peira,45,12955.47
2017-01-01,8,Nou Barris,46,el Turó de la Peira,46,14382.78
2017-01-01,8,Nou Barris,46,el Turó de la Peira,47,11822.81
2017-01-01,8,Nou Barris,47,Can Peguera,48,10831.88
2017-01-01,8,Nou Barris,47,Can Peguera,49,13914.92
2017-01-01,8,Nou Barris,48,la Guineueta,50,20049.37
2017-01-01,8,Nou Barris,48,la Guineueta,51,19262.45
2017-01-01,8,Nou Barris,48,la Guineueta,52,17102.67
2017-01-01,8,Nou Barris,48,la Guineueta,53,19627.91
2017-01-01,8,Nou Barris,48,la Guineueta,54,18083.33
2017-01-01,8,Nou Barris,48,la Guineueta,55,22451.97
2017-01-01,8,Nou Barris,48,la Guineueta,56,16364.15
2017-01-01,8,Nou Barris,48,la Guineueta,57,16543.0
2017-01-01,8,Nou Barris,48,la Guineueta,58,14847.44
2017-01-01,8,Nou Barris,48,la Guineueta,59,16524.06
2017-01-01,8,Nou Barris,49,Canyelles,60,17577.36
2017-01-01,8,Nou Barris,49,Canyelles,61,15560.8
2017-01-01,8,Nou Barris,49,Canyelles,62,17444.86
2017-01-01,8,Nou Barris,49,Canyelles,63,19884.24
2017-01-01,8,Nou Barris,49,Canyelles,64,14753.37
2017-01-01,8,Nou Barris,50,les Roquetes,65,11861.13
2017-01-01,8,Nou Barris,50,les Roquetes,66,11235.62
2017-01-01,8,Nou Barris,50,les Roquetes,67,14087.88
2017-01-01,8,Nou Barris,50,les Roquetes,68,12991.09
2017-01-01,8,Nou Barris,50,les Roquetes,69,12580.51
2017-01-01,8,Nou Barris,50,les Roquetes,70,12056.52
2017-01-01,8,Nou Barris,50,les Roquetes,71,13163.27
2017-01-01,8,Nou Barris,50,les Roquetes,72,14340.98
2017-01-01,8,Nou Barris,50,les Roquetes,73,11628.0
2017-01-01,8,Nou Barris,50,les Roquetes,74,12254.08
2017-01-01,8,Nou Barris,51,Verdun,75,14318.8
2017-01-01,8,Nou Barris,51,Verdun,76,15573.63
2017-01-01,8,Nou Barris,51,Verdun,77,11720.41
2017-01-01,8,Nou Barris,51,Verdun,78,12984.08
2017-01-01,8,Nou Barris,51,Verdun,79,12721.04
2017-01-01,8,Nou Barris,51,Verdun,80,13636.58
2017-01-01,8,Nou Barris,51,Verdun,81,12305.81
2017-01-01,8,Nou Barris,51,Verdun,82,14311.03
2017-01-01,8,Nou Barris,52,la Prosperitat,83,13956.67
2017-01-01,8,Nou Barris,52,la Prosperitat,84,14679.8
2017-01-01,8,Nou Barris,52,la Prosperitat,85,14116.28
2017-01-01,8,Nou Barris,52,la Prosperitat,86,15244.07
2017-01-01,8,Nou Barris,52,la Prosperitat,87,15052.23
2017-01-01,8,Nou Barris,52,la Prosperitat,88,14433.88
2017-01-01,8,Nou Barris,52,la Prosperitat,89,14806.52
2017-01-01,8,Nou Barris,52,la Prosperitat,90,15654.78
2017-01-01,8,Nou Barris,52,la Prosperitat,91,15347.71
2017-01-01,8,Nou Barris,52,la Prosperitat,92,16271.17
2017-01-01,8,Nou Barris,52,la Prosperitat,93,14333.91
2017-01-01,8,Nou Barris,52,la Prosperitat,94,15554.41
2017-01-01,8,Nou Barris,52,la Prosperitat,95,18273.28
2017-01-01,8,Nou Barris,52,la Prosperitat,96,14718.51
2017-01-01,8,Nou Barris,52,la Prosperitat,97,14756.32
2017-01-01,8,Nou Barris,52,la Prosperitat,98,13484.36
2017-01-01,8,Nou Barris,52,la Prosperitat,99,15207.68
2017-01-01,8,Nou Barris,52,la Prosperitat,100,14946.27
2017-01-01,8,Nou Barris,52,la Prosperitat,101,15478.97
2017-01-01,8,Nou Barris,52,la Prosperitat,102,13221.36
2017-01-01,8,Nou Barris,53,la Trinitat Nova,103,10734.02
2017-01-01,8,Nou Barris,53,la Trinitat Nova,104,12145.8
2017-01-01,8,Nou Barris,53,la Trinitat Nova,105,11664.72
2017-01-01,8,Nou Barris,53,la Trinitat Nova,106,11612.53
2017-01-01,8,Nou Barris,53,la Trinitat Nova,107,12330.44
2017-01-01,8,Nou Barris,54,Torre Baró,108,10991.3
2017-01-01,8,Nou Barris,54,Torre Baró,109,10378.42
2017-01-01,8,Nou Barris,55,Ciutat Meridiana,110,8899.44
2017-01-01,8,Nou Barris,55,Ciutat Meridiana,111,10088.61
2017-01-01,8,Nou Barris,55,Ciutat Meridiana,112,9977.91
2017-01-01,8,Nou Barris,55,Ciutat Meridiana,113,10356.92
2017-01-01,8,Nou Barris,55,Ciutat Meridiana,114,11003.24
2017-01-01,8,Nou Barris,55,Ciutat Meridiana,115,10921.68
2017-01-01,8,Nou Barris,56,Vallbona,116,11463.6
2017-01-01,8,Nou Barris,48,la Guineueta,215,18386.03
2017-01-01,9,Sant Andreu,57,la Trinitat Vella,1,9692.95
2017-01-01,9,Sant Andreu,57,la Trinitat Vella,2,10852.25
2017-01-01,9,Sant Andreu,57,la Trinitat Vella,3,11455.83
2017-01-01,9,Sant Andreu,57,la Trinitat Vella,4,12511.58
2017-01-01,9,Sant Andreu,57,la Trinitat Vella,5,15555.75
2017-01-01,9,Sant Andreu,58,Baró de Viver,6,11691.68
2017-01-01,9,Sant Andreu,58,Baró de Viver,7,11065.4
2017-01-01,9,Sant Andreu,59,el Bon Pastor,8,22174.56
2017-01-01,9,Sant Andreu,59,el Bon Pastor,9,16587.0
2017-01-01,9,Sant Andreu,59,el Bon Pastor,10,15123.31
2017-01-01,9,Sant Andreu,59,el Bon Pastor,11,12850.9
2017-01-01,9,Sant Andreu,59,el Bon Pastor,13,11444.01
2017-01-01,9,Sant Andreu,59,el Bon Pastor,14,12340.0
2017-01-01,9,Sant Andreu,59,el Bon Pastor,15,13438.73
2017-01-01,9,Sant Andreu,60,Sant Andreu,16,19667.53
2017-01-01,9,Sant Andreu,60,Sant Andreu,17,19470.6
2017-01-01,9,Sant Andreu,60,Sant Andreu,18,18249.51
2017-01-01,9,Sant Andreu,60,Sant Andreu,19,21582.24
2017-01-01,9,Sant Andreu,60,Sant Andreu,20,19738.09
2017-01-01,9,Sant Andreu,60,Sant Andreu,21,21271.48
2017-01-01,9,Sant Andreu,60,Sant Andreu,22,21548.1
2017-01-01,9,Sant Andreu,60,Sant Andreu,23,20610.89
2017-01-01,9,Sant Andreu,60,Sant Andreu,24,20273.34
2017-01-01,9,Sant Andreu,60,Sant Andreu,25,20749.69
2017-01-01,9,Sant Andreu,60,Sant Andreu,26,21023.53
2017-01-01,9,Sant Andreu,60,Sant Andreu,27,21698.2
2017-01-01,9,Sant Andreu,60,Sant Andreu,28,23650.72
2017-01-01,9,Sant Andreu,60,Sant Andreu,29,18955.56
2017-01-01,9,Sant Andreu,60,Sant Andreu,30,20951.36
2017-01-01,9,Sant Andreu,60,Sant Andreu,31,22322.83
2017-01-01,9,Sant Andreu,60,Sant Andreu,32,15978.63
2017-01-01,9,Sant Andreu,60,Sant Andreu,33,18461.06
2017-01-01,9,Sant Andreu,60,Sant Andreu,34,16972.38
2017-01-01,9,Sant Andreu,60,Sant Andreu,35,18180.1
2017-01-01,9,Sant Andreu,60,Sant Andreu,36,19303.3
2017-01-01,9,Sant Andreu,60,Sant Andreu,37,15986.62
2017-01-01,9,Sant Andreu,60,Sant Andreu,38,20671.64
2017-01-01,9,Sant Andreu,60,Sant Andreu,39,20021.15
2017-01-01,9,Sant Andreu,60,Sant Andreu,40,19952.79
2017-01-01,9,Sant Andreu,60,Sant Andreu,41,19059.89
2017-01-01,9,Sant Andreu,60,Sant Andreu,42,20806.71
2017-01-01,9,Sant Andreu,60,Sant Andreu,43,19214.11
2017-01-01,9,Sant Andreu,60,Sant Andreu,44,20013.32
2017-01-01,9,Sant Andreu,60,Sant Andreu,45,20060.34
2017-01-01,9,Sant Andreu,60,Sant Andreu,46,21113.4
2017-01-01,9,Sant Andreu,60,Sant Andreu,47,22336.06
2017-01-01,9,Sant Andreu,60,Sant Andreu,48,19179.86
2017-01-01,9,Sant Andreu,60,Sant Andreu,49,19081.58
2017-01-01,9,Sant Andreu,60,Sant Andreu,50,21043.34
2017-01-01,9,Sant Andreu,60,Sant Andreu,51,20419.08
2017-01-01,9,Sant Andreu,60,Sant Andreu,52,18975.55
2017-01-01,9,Sant Andreu,60,Sant Andreu,53,21798.89
2017-01-01,9,Sant Andreu,60,Sant Andreu,54,21066.38
2017-01-01,9,Sant Andreu,61,la Sagrera,55,17074.81
2017-01-01,9,Sant Andreu,61,la Sagrera,56,19614.7
2017-01-01,9,Sant Andreu,61,la Sagrera,57,17936.25
2017-01-01,9,Sant Andreu,61,la Sagrera,58,20145.04
2017-01-01,9,Sant Andreu,61,la Sagrera,59,18468.67
2017-01-01,9,Sant Andreu,61,la Sagrera,60,18935.86
2017-01-01,9,Sant Andreu,61,la Sagrera,61,21024.09
2017-01-01,9,Sant Andreu,61,la Sagrera,62,17781.16
2017-01-01,9,Sant Andreu,61,la Sagrera,63,22090.87
2017-01-01,9,Sant Andreu,61,la Sagrera,64,20999.56
2017-01-01,9,Sant Andreu,61,la Sagrera,65,18631.75
2017-01-01,9,Sant Andreu,61,la Sagrera,66,20747.29
2017-01-01,9,Sant Andreu,61,la Sagrera,67,17314.12
2017-01-01,9,Sant Andreu,61,la Sagrera,68,20849.99
2017-01-01,9,Sant Andreu,61,la Sagrera,69,19278.69
2017-01-01,9,Sant Andreu,61,la Sagrera,70,14383.07
2017-01-01,9,Sant Andreu,61,la Sagrera,71,18109.43
2017-01-01,9,Sant Andreu,61,la Sagrera,72,15446.33
2017-01-01,9,Sant Andreu,61,la Sagrera,73,18921.28
2017-01-01,9,Sant Andreu,62,el Congrés i els Indians,74,18041.64
2017-01-01,9,Sant Andreu,62,el Congrés i els Indians,75,18102.31
2017-01-01,9,Sant Andreu,62,el Congrés i els Indians,76,17961.76
2017-01-01,9,Sant Andreu,62,el Congrés i els Indians,77,18228.43
2017-01-01,9,Sant Andreu,62,el Congrés i els Indians,78,18355.26
2017-01-01,9,Sant Andreu,62,el Congrés i els Indians,79,19973.11
2017-01-01,9,Sant Andreu,62,el Congrés i els Indians,80,19484.79
2017-01-01,9,Sant Andreu,62,el Congrés i els Indians,81,19023.5
2017-01-01,9,Sant Andreu,62,el Congrés i els Indians,82,18668.79
2017-01-01,9,Sant Andreu,63,Navas,83,19077.49
2017-01-01,9,Sant Andreu,63,Navas,84,21261.18
2017-01-01,9,Sant Andreu,63,Navas,85,18949.19
2017-01-01,9,Sant Andreu,63,Navas,86,18928.92
2017-01-01,9,Sant Andreu,63,Navas,87,20408.36
2017-01-01,9,Sant Andreu,63,Navas,88,17919.97
2017-01-01,9,Sant Andreu,63,Navas,89,18318.46
2017-01-01,9,Sant Andreu,63,Navas,90,17776.13
2017-01-01,9,Sant Andreu,63,Navas,91,19020.15
2017-01-01,9,Sant Andreu,63,Navas,92,19042.38
2017-01-01,9,Sant Andreu,63,Navas,93,19502.12
2017-01-01,9,Sant Andreu,63,Navas,94,18991.89
2017-01-01,9,Sant Andreu,63,Navas,95,18729.3
2017-01-01,9,Sant Andreu,61,la Sagrera,156,18415.76
2017-01-01,10,Sant Martí,64,el Camp de l'Arpa del Clot,1,17608.25
2017-01-01,10,Sant Martí,64,el Camp de l'Arpa del Clot,2,18336.96
2017-01-01,10,Sant Martí,64,el Camp de l'Arpa del Clot,3,19975.82
2017-01-01,10,Sant Martí,64,el Camp de l'Arpa del Clot,4,19062.01
2017-01-01,10,Sant Martí,64,el Camp de l'Arpa del Clot,5,20032.53
2017-01-01,10,Sant Martí,64,el Camp de l'Arpa del Clot,6,20433.67
2017-01-01,10,Sant Martí,64,el Camp de l'Arpa del Clot,7,25752.95
2017-01-01,10,Sant Martí,64,el Camp de l'Arpa del Clot,8,20222.34
2017-01-01,10,Sant Martí,64,el Camp de l'Arpa del Clot,9,21451.88
2017-01-01,10,Sant Martí,64,el Camp de l'Arpa del Clot,10,18944.72
2017-01-01,10,Sant Martí,64,el Camp de l'Arpa del Clot,11,21371.51
2017-01-01,10,Sant Martí,64,el Camp de l'Arpa del Clot,12,21481.94
2017-01-01,10,Sant Martí,64,el Camp de l'Arpa del Clot,13,19200.93
2017-01-01,10,Sant Martí,64,el Camp de l'Arpa del Clot,14,19747.74
2017-01-01,10,Sant Martí,64,el Camp de l'Arpa del Clot,15,21904.47
2017-01-01,10,Sant Martí,64,el Camp de l'Arpa del Clot,16,21612.23
2017-01-01,10,Sant Martí,64,el Camp de l'Arpa del Clot,17,18943.14
2017-01-01,10,Sant Martí,64,el Camp de l'Arpa del Clot,18,18021.7
2017-01-01,10,Sant Martí,64,el Camp de l'Arpa del Clot,19,18868.44
2017-01-01,10,Sant Martí,64,el Camp de l'Arpa del Clot,20,16997.86
2017-01-01,10,Sant Martí,64,el Camp de l'Arpa del Clot,21,17035.96
2017-01-01,10,Sant Martí,64,el Camp de l'Arpa del Clot,22,19496.89
2017-01-01,10,Sant Martí,64,el Camp de l'Arpa del Clot,23,18340.81
2017-01-01,10,Sant Martí,64,el Camp de l'Arpa del Clot,24,20105.72
2017-01-01,10,Sant Martí,64,el Camp de l'Arpa del Clot,25,18777.67
2017-01-01,10,Sant Martí,65,el Clot,26,20166.9
2017-01-01,10,Sant Martí,65,el Clot,27,19514.61
2017-01-01,10,Sant Martí,65,el Clot,28,19088.43
2017-01-01,10,Sant Martí,65,el Clot,29,17370.11
2017-01-01,10,Sant Martí,65,el Clot,30,19015.01
2017-01-01,10,Sant Martí,65,el Clot,31,19015.37
2017-01-01,10,Sant Martí,65,el Clot,32,20066.38
2017-01-01,10,Sant Martí,65,el Clot,33,22804.98
2017-01-01,10,Sant Martí,65,el Clot,34,18385.81
2017-01-01,10,Sant Martí,65,el Clot,35,21162.89
2017-01-01,10,Sant Martí,65,el Clot,36,21613.42
2017-01-01,10,Sant Martí,65,el Clot,37,15619.14
2017-01-01,10,Sant Martí,65,el Clot,38,19555.84
2017-01-01,10,Sant Martí,65,el Clot,39,17446.91
2017-01-01,10,Sant Martí,65,el Clot,40,19241.33
2017-01-01,10,Sant Martí,65,el Clot,41,19888.38
2017-01-01,10,Sant Martí,66,el Parc i la Llacuna del Poblenou,42,17334.32
2017-01-01,10,Sant Martí,66,el Parc i la Llacuna del Poblenou,43,17739.71
2017-01-01,10,Sant Martí,66,el Parc i la Llacuna del Poblenou,44,19731.52
2017-01-01,10,Sant Martí,66,el Parc i la Llacuna del Poblenou,45,23373.01
2017-01-01,10,Sant Martí,66,el Parc i la Llacuna del Poblenou,46,22486.38
2017-01-01,10,Sant Martí,66,el Parc i la Llacuna del Poblenou,47,22170.27
2017-01-01,10,Sant Martí,66,el Parc i la Llacuna del Poblenou,48,21470.09
2017-01-01,10,Sant Martí,66,el Parc i la Llacuna del Poblenou,49,21234.42
2017-01-01,10,Sant Martí,66,el Parc i la Llacuna del Poblenou,50,21463.97
2017-01-01,10,Sant Martí,67,la Vila Olímpica del Poblenou,51,23654.13
2017-01-01,10,Sant Martí,67,la Vila Olímpica del Poblenou,52,30216.33
2017-01-01,10,Sant Martí,67,la Vila Olímpica del Poblenou,53,33145.66
2017-01-01,10,Sant Martí,67,la Vila Olímpica del Poblenou,54,28856.0
2017-01-01,10,Sant Martí,67,la Vila Olímpica del Poblenou,55,32882.03
2017-01-01,10,Sant Martí,68,el Poblenou,56,17455.16
2017-01-01,10,Sant Martí,68,el Poblenou,57,17893.62
2017-01-01,10,Sant Martí,68,el Poblenou,58,17743.14
2017-01-01,10,Sant Martí,68,el Poblenou,59,21258.63
2017-01-01,10,Sant Martí,68,el Poblenou,60,18456.68
2017-01-01,10,Sant Martí,68,el Poblenou,61,23125.92
2017-01-01,10,Sant Martí,68,el Poblenou,62,23155.49
2017-01-01,10,Sant Martí,68,el Poblenou,63,21444.24
2017-01-01,10,Sant Martí,68,el Poblenou,64,21398.42
2017-01-01,10,Sant Martí,68,el Poblenou,65,21733.51
2017-01-01,10,Sant Martí,68,el Poblenou,66,21080.37
2017-01-01,10,Sant Martí,68,el Poblenou,67,27753.2
2017-01-01,10,Sant Martí,68,el Poblenou,68,23060.89
2017-01-01,10,Sant Martí,68,el Poblenou,69,22626.09
2017-01-01,10,Sant Martí,68,el Poblenou,70,18842.16
2017-01-01,10,Sant Martí,68,el Poblenou,71,22292.42
2017-01-01,10,Sant Martí,68,el Poblenou,72,19328.43
2017-01-01,10,Sant Martí,68,el Poblenou,73,17638.2
2017-01-01,10,Sant Martí,68,el Poblenou,74,18773.23
2017-01-01,10,Sant Martí,68,el Poblenou,75,18363.64
2017-01-01,10,Sant Martí,69,Diagonal Mar i el Front Marítim del Poblenou,76,22819.49
2017-01-01,10,Sant Martí,69,Diagonal Mar i el Front Marítim del Poblenou,77,25666.89
2017-01-01,10,Sant Martí,69,Diagonal Mar i el Front Marítim del Poblenou,78,26045.85
2017-01-01,10,Sant Martí,69,Diagonal Mar i el Front Marítim del Poblenou,79,22327.45
2017-01-01,10,Sant Martí,69,Diagonal Mar i el Front Marítim del Poblenou,80,28231.32
2017-01-01,10,Sant Martí,70,el Besòs i el Maresme,81,13889.69
2017-01-01,10,Sant Martí,70,el Besòs i el Maresme,82,9194.29
2017-01-01,10,Sant Martí,70,el Besòs i el Maresme,83,8455.21
2017-01-01,10,Sant Martí,70,el Besòs i el Maresme,84,11175.14
2017-01-01,10,Sant Martí,70,el Besòs i el Maresme,85,10422.57
2017-01-01,10,Sant Martí,70,el Besòs i el Maresme,86,11505.89
2017-01-01,10,Sant Martí,70,el Besòs i el Maresme,87,11852.28
2017-01-01,10,Sant Martí,70,el Besòs i el Maresme,88,16347.39
2017-01-01,10,Sant Martí,70,el Besòs i el Maresme,89,11856.18
2017-01-01,10,Sant Martí,70,el Besòs i el Maresme,90,13428.51
2017-01-01,10,Sant Martí,70,el Besòs i el Maresme,91,14979.46
2017-01-01,10,Sant Martí,70,el Besòs i el Maresme,92,17575.36
2017-01-01,10,Sant Martí,70,el Besòs i el Maresme,93,18809.29
2017-01-01,10,Sant Martí,71,Provençals del Poblenou,94,22806.62
2017-01-01,10,Sant Martí,71,Provençals del Poblenou,95,16606.85
2017-01-01,10,Sant Martí,71,Provençals del Poblenou,96,22376.52
2017-01-01,10,Sant Martí,71,Provençals del Poblenou,97,21583.21
2017-01-01,10,Sant Martí,71,Provençals del Poblenou,98,19105.11
2017-01-01,10,Sant Martí,71,Provençals del Poblenou,99,14242.51
2017-01-01,10,Sant Martí,71,Provençals del Poblenou,100,17064.97
2017-01-01,10,Sant Martí,71,Provençals del Poblenou,101,17842.12
2017-01-01,10,Sant Martí,71,Provençals del Poblenou,102,15826.64
2017-01-01,10,Sant Martí,71,Provençals del Poblenou,103,17760.75
2017-01-01,10,Sant Martí,71,Provençals del Poblenou,104,20421.94
2017-01-01,10,Sant Martí,72,Sant Martí de Provençals,105,18069.85
2017-01-01,10,Sant Martí,72,Sant Martí de Provençals,106,18451.81
2017-01-01,10,Sant Martí,72,Sant Martí de Provençals,107,22467.05
2017-01-01,10,Sant Martí,72,Sant Martí de Provençals,108,17319.14
2017-01-01,10,Sant Martí,72,Sant Martí de Provençals,109,16649.9
2017-01-01,10,Sant Martí,72,Sant Martí de Provençals,110,16224.0
2017-01-01,10,Sant Martí,72,Sant Martí de Provençals,111,17313.43
2017-01-01,10,Sant Martí,72,Sant Martí de Provençals,112,21934.71
2017-01-01,10,Sant Martí,72,Sant Martí de Provençals,113,17004.62
2017-01-01,10,Sant Martí,72,Sant Martí de Provençals,114,14995.54
2017-01-01,10,Sant Martí,72,Sant Martí de Provençals,115,16718.31
2017-01-01,10,Sant Martí,72,Sant Martí de Provençals,116,15246.26
2017-01-01,10,Sant Martí,72,Sant Martí de Provençals,117,16677.39
2017-01-01,10,Sant Martí,72,Sant Martí de Provençals,118,21641.56
2017-01-01,10,Sant Martí,72,Sant Martí de Provençals,119,16050.13
2017-01-01,10,Sant Martí,72,Sant Martí de Provençals,120,16320.29
2017-01-01,10,Sant Martí,72,Sant Martí de Provençals,121,16201.86
2017-01-01,10,Sant Martí,72,Sant Martí de Provençals,122,20055.94
2017-01-01,10,Sant Martí,73,la Verneda i la Pau,123,16307.21
2017-01-01,10,Sant Martí,73,la Verneda i la Pau,124,18199.33
2017-01-01,10,Sant Martí,73,la Verneda i la Pau,125,16146.93
2017-01-01,10,Sant Martí,73,la Verneda i la Pau,126,18566.84
2017-01-01,10,Sant Martí,73,la Verneda i la Pau,127,18711.77
2017-01-01,10,Sant Martí,73,la Verneda i la Pau,128,19100.67
2017-01-01,10,Sant Martí,73,la Verneda i la Pau,129,18872.15
2017-01-01,10,Sant Martí,73,la Verneda i la Pau,130,17587.02
2017-01-01,10,Sant Martí,73,la Verneda i la Pau,131,19988.72
2017-01-01,10,Sant Martí,73,la Verneda i la Pau,132,16012.04
2017-01-01,10,Sant Martí,73,la Verneda i la Pau,133,15733.68
2017-01-01,10,Sant Martí,73,la Verneda i la Pau,134,15422.2
2017-01-01,10,Sant Martí,73,la Verneda i la Pau,135,15768.82
2017-01-01,10,Sant Martí,73,la Verneda i la Pau,136,16134.35
2017-01-01,10,Sant Martí,73,la Verneda i la Pau,137,13782.02
2017-01-01,10,Sant Martí,73,la Verneda i la Pau,138,13020.72
2017-01-01,10,Sant Martí,73,la Verneda i la Pau,139,14151.12
2017-01-01,10,Sant Martí,73,la Verneda i la Pau,140,13684.19
2017-01-01,10,Sant Martí,73,la Verneda i la Pau,141,14572.82
2017-01-01,10,Sant Martí,73,la Verneda i la Pau,142,12788.13
2017-01-01,10,Sant Martí,73,la Verneda i la Pau,143,14298.82
2017-01-01,10,Sant Martí,65,el Clot,234,18052.77
2017-01-01,10,Sant Martí,69,Diagonal Mar i el Front Marítim del Poblenou,235,16283.1
2017-01-01,10,Sant Martí,69,Diagonal Mar i el Front Marítim del Poblenou,236,17395.71
2017-01-01,10,Sant Martí,71,Provençals del Poblenou,237,15823.86
